<?xml version="1.0" encoding="UTF-8"?>
<jcr:root xmlns:sling="http://sling.apache.org/jcr/sling/1.0" xmlns:jcr="http://www.jcp.org/jcr/1.0" xmlns:nt="http://www.jcp.org/jcr/nt/1.0"
    jcr:primaryType="nt:unstructured">
    <persistentQueries jcr:primaryType="nt:unstructured">
        <adventures-all/>
        <native-app-adventure/>
        <native-app-adventures/>
        <native-app-home/>
        <gql-demo-configuration
            jcr:created="{Date}2022-11-20T16:15:50.709Z"
            jcr:primaryType="nt:unstructured"
            sling:resourceType="graphql/persistent/query">
            <jcr:content
                jcr:data="{Binary}"
                jcr:lastModified="{Date}2022-12-05T16:45:02.870Z"
                jcr:mimeType="text/html"
                jcr:primaryType="nt:unstructured"
                sling:resourceType="graphql/persistent/query/content"/>
        </gql-demo-configuration>
        <gql-demo-navigation
            jcr:created="{Date}2022-11-20T16:17:20.280Z"
            jcr:primaryType="nt:unstructured"
            sling:resourceType="graphql/persistent/query">
            <jcr:content
                jcr:data="{Binary}"
                jcr:lastModified="{Date}2022-12-01T15:52:01.490Z"
                jcr:mimeType="text/html"
                jcr:primaryType="nt:unstructured"
                sling:resourceType="graphql/persistent/query/content"/>
        </gql-demo-navigation>
        <gql-demo-screen/>
        <gql-demo-adventure/>
        <gql-demo-screen-v2
            jcr:created="{Date}2022-12-02T21:26:57.523Z"
            jcr:primaryType="nt:unstructured"
            sling:resourceType="graphql/persistent/query">
            <jcr:content
                jcr:data="{Binary}"
                jcr:mimeType="text/html"
                jcr:primaryType="nt:unstructured"
                sling:resourceType="graphql/persistent/query/content"/>
        </gql-demo-screen-v2>
        <gql-demo-screen-v1
            jcr:created="{Date}2022-12-03T18:04:10.864Z"
            jcr:primaryType="nt:unstructured"
            sling:resourceType="graphql/persistent/query">
            <jcr:content
                jcr:data="{Binary}"
                jcr:mimeType="text/html"
                jcr:primaryType="nt:unstructured"
                sling:resourceType="graphql/persistent/query/content"/>
        </gql-demo-screen-v1>
        <gql-demo-adventure-v1
            jcr:created="{Date}2022-12-05T15:42:43.639Z"
            jcr:primaryType="nt:unstructured"
            sling:resourceType="graphql/persistent/query">
            <jcr:content
                jcr:data="{Binary}"
                jcr:mimeType="text/html"
                jcr:primaryType="nt:unstructured"
                sling:resourceType="graphql/persistent/query/content"/>
        </gql-demo-adventure-v1>
        <gql-demo-adventure-v2
            jcr:created="{Date}2022-12-05T16:25:36.911Z"
            jcr:primaryType="nt:unstructured"
            sling:resourceType="graphql/persistent/query">
            <jcr:content
                jcr:data="{Binary}"
                jcr:mimeType="text/html"
                jcr:primaryType="nt:unstructured"
                sling:resourceType="graphql/persistent/query/content"/>
        </gql-demo-adventure-v2>
    </persistentQueries>
</jcr:root>
