<?xml version="1.0" encoding="UTF-8"?>
<jcr:root xmlns:sling="http://sling.apache.org/jcr/sling/1.0" xmlns:granite="http://www.adobe.com/jcr/granite/1.0" xmlns:cq="http://www.day.com/jcr/cq/1.0" xmlns:jcr="http://www.jcp.org/jcr/1.0" xmlns:nt="http://www.jcp.org/jcr/nt/1.0"
    jcr:primaryType="cq:Template"
    allowedPaths="[/content/entities(/.*)?]"
    ranking="{Long}100">
    <jcr:content
        cq:lastModified="{Date}2022-11-23T23:20:55.637Z"
        cq:lastModifiedBy="lamont@adobe.com"
        cq:scaffolding="/conf/aem-demo-assets/settings/dam/cfm/models/image-list/jcr:content/model"
        cq:templateType="/libs/settings/dam/cfm/model-types/fragment"
        jcr:primaryType="cq:PageContent"
        jcr:title="Image List"
        sling:resourceSuperType="dam/cfm/models/console/components/data/entity"
        sling:resourceType="dam/cfm/models/console/components/data/entity/default"
        status="enabled">
        <metadata jcr:primaryType="nt:unstructured"/>
        <model
            cq:targetPath="/content/entities"
            jcr:primaryType="cq:PageContent"
            sling:resourceType="wcm/scaffolding/components/scaffolding"
            dataTypesConfig="/mnt/overlay/settings/dam/cfm/models/formbuilderconfig/datatypes"
            maxGeneratedOrder="20">
            <cq:dialog
                jcr:primaryType="nt:unstructured"
                sling:resourceType="cq/gui/components/authoring/dialog">
                <content
                    jcr:lastModified="{Date}2022-11-23T23:20:55.637Z"
                    jcr:lastModifiedBy="lamont@adobe.com"
                    jcr:primaryType="nt:unstructured"
                    sling:resourceType="granite/ui/components/coral/foundation/fixedcolumns">
                    <items
                        jcr:primaryType="nt:unstructured"
                        maxGeneratedOrder="20">
                        <_x0031_667747537298
                            jcr:primaryType="nt:unstructured"
                            sling:resourceType="granite/ui/components/coral/foundation/form/multifield"
                            fieldDescription="Either enter Experience Fragments or Content Fragments for the Image List."
                            fieldLabel="Image List Items (Either choose Experience Fragments or Content Fragments for the Image List.)"
                            filter="hierarchy"
                            listOrder="8"
                            metaType="reference"
                            name="imageListItems"
                            nameSuffix="contentReference"
                            renderReadOnly="false"
                            rootPath="/content"
                            showEmptyInReadOnly="true"
                            showThumbnail="true"
                            valueType="string/reference[]">
                            <granite:data
                                jcr:primaryType="nt:unstructured"
                                showThumbnail="true"
                                thumbnail-validation="cfm.validation.thumbnail.show"/>
                            <field
                                jcr:primaryType="nt:unstructured"
                                sling:resourceType="dam/cfm/models/editor/components/contentreference"
                                name="imageListItems"
                                renderReadOnly="false"
                                rootPath="/content"
                                showThumbnail="true">
                                <granite:data
                                    jcr:primaryType="nt:unstructured"
                                    showThumbnail="true"
                                    thumbnail-validation="cfm.validation.thumbnail.show"/>
                            </field>
                        </_x0031_667747537298>
                        <_x0031_669236671090
                            jcr:primaryType="nt:unstructured"
                            sling:resourceType="granite/ui/components/coral/foundation/form/select"
                            emptyOption="{Boolean}true"
                            fieldLabel="Style"
                            listOrder="6"
                            metaType="enumeration"
                            name="style"
                            renderReadOnly="false"
                            required="on"
                            showEmptyInReadOnly="true"
                            valueType="string">
                            <optionsmultifield jcr:primaryType="nt:unstructured">
                                <item0
                                    jcr:primaryType="nt:unstructured"
                                    fieldLabel="Slider List"
                                    fieldValue="slider-list"/>
                                <item1
                                    jcr:primaryType="nt:unstructured"
                                    fieldLabel="Side Rail Links"
                                    fieldValue="side-rail-links"/>
                                <item2
                                    jcr:primaryType="nt:unstructured"
                                    fieldLabel="Image Grid"
                                    fieldValue="image-grid"/>
                            </optionsmultifield>
                            <datasource
                                jcr:primaryType="nt:unstructured"
                                sling:resourceType="dam/cfm/admin/components/datasources/optionrendererenumeration"
                                variant="default"/>
                            <granite:data jcr:primaryType="nt:unstructured"/>
                        </_x0031_669236671090>
                    </items>
                </content>
            </cq:dialog>
        </model>
    </jcr:content>
</jcr:root>
