<?xml version="1.0" encoding="UTF-8"?>
<jcr:root xmlns:sling="http://sling.apache.org/jcr/sling/1.0" xmlns:granite="http://www.adobe.com/jcr/granite/1.0" xmlns:cq="http://www.day.com/jcr/cq/1.0" xmlns:jcr="http://www.jcp.org/jcr/1.0" xmlns:nt="http://www.jcp.org/jcr/nt/1.0"
    jcr:primaryType="cq:Template"
    allowedPaths="[/content/entities(/.*)?]"
    ranking="{Long}100">
    <jcr:content
        cq:lastModified="{Date}2022-11-23T19:10:31.786Z"
        cq:lastModifiedBy="lamont@adobe.com"
        cq:scaffolding="/conf/aem-demo-assets/settings/dam/cfm/models/header/jcr:content/model"
        cq:templateType="/libs/settings/dam/cfm/model-types/fragment"
        jcr:primaryType="cq:PageContent"
        jcr:title="Header"
        sling:resourceSuperType="dam/cfm/models/console/components/data/entity"
        sling:resourceType="dam/cfm/models/console/components/data/entity/default"
        status="enabled">
        <metadata jcr:primaryType="nt:unstructured"/>
        <model
            cq:targetPath="/content/entities"
            jcr:primaryType="cq:PageContent"
            sling:resourceType="wcm/scaffolding/components/scaffolding"
            dataTypesConfig="/mnt/overlay/settings/dam/cfm/models/formbuilderconfig/datatypes"
            maxGeneratedOrder="20">
            <cq:dialog
                jcr:primaryType="nt:unstructured"
                sling:resourceType="cq/gui/components/authoring/dialog">
                <content
                    jcr:lastModified="{Date}2022-11-23T19:10:31.786Z"
                    jcr:lastModifiedBy="lamont@adobe.com"
                    jcr:primaryType="nt:unstructured"
                    sling:resourceType="granite/ui/components/coral/foundation/fixedcolumns">
                    <items
                        jcr:primaryType="nt:unstructured"
                        maxGeneratedOrder="20">
                        <_x0031_668629051902
                            jcr:primaryType="nt:unstructured"
                            sling:resourceType="dam/cfm/models/editor/components/tabplaceholder"
                            fieldDescription="Choose a teaser or a banner for the header."
                            fieldLabel="Teaser"
                            listOrder="11"
                            metaType="tab-placeholder"
                            name="placeholder"
                            renderReadOnly="false"
                            showEmptyInReadOnly="true"
                            valueType="string/tab"/>
                        <_x0031_668617028496
                            jcr:primaryType="nt:unstructured"
                            sling:resourceType="dam/cfm/models/editor/components/fragmentreference"
                            allowNew="{Boolean}true"
                            fieldLabel="Header Teaser"
                            filter="hierarchy"
                            fragmentmodelreference="/conf/aem-demo-assets/settings/dam/cfm/models/teaser"
                            listOrder="9"
                            metaType="fragment-reference"
                            name="teaser"
                            nameSuffix="contentReference"
                            renderReadOnly="false"
                            showEmptyInReadOnly="true"
                            valueType="string/content-fragment">
                            <field jcr:primaryType="nt:unstructured"/>
                            <granite:data jcr:primaryType="nt:unstructured"/>
                        </_x0031_668617028496>
                        <_x0031_668629081739
                            jcr:primaryType="nt:unstructured"
                            sling:resourceType="dam/cfm/models/editor/components/tabplaceholder"
                            fieldDescription="Choose a teaser or a banner for the header."
                            fieldLabel="Banner"
                            listOrder="11"
                            metaType="tab-placeholder"
                            name="placeholder"
                            renderReadOnly="false"
                            showEmptyInReadOnly="true"
                            valueType="string/tab"/>
                        <_x0031_668629094281
                            jcr:primaryType="nt:unstructured"
                            sling:resourceType="dam/cfm/models/editor/components/contentreference"
                            fieldLabel="Header Banner"
                            filter="hierarchy"
                            listOrder="8"
                            metaType="reference"
                            name="banner"
                            nameSuffix="contentReference"
                            renderReadOnly="false"
                            rootPath="/content/dam/aem-demo-assets"
                            showEmptyInReadOnly="true"
                            showThumbnail="false"
                            value="/content/dam/gql-demo/assets/AdobeStock_302114365.jpeg"
                            valueType="string/reference">
                            <granite:data
                                jcr:primaryType="nt:unstructured"
                                thumbnail-validation="cfm.validation.thumbnail.show"/>
                        </_x0031_668629094281>
                    </items>
                </content>
            </cq:dialog>
        </model>
    </jcr:content>
</jcr:root>
